{
  "version": "2.2",
  "connection_type": "control_port",
  "control_port_address": "127.0.0.1",
  "control_port_port": 9051,
  "socks_address": "127.0.0.1",
  "socks_port": 9050,
  "socket_file_path": "/var/run/tor/control",
  "auth_type": "no_auth",
  "auth_password": "",
  "close_after_first_download": true,
  "systray_notifications": true,
  "shutdown_timeout": false,
  "use_stealth": false,
  "use_autoupdate": false,
  "autoupdate_timestamp": null,
  "no_bridges": true,
  "tor_bridges_use_obfs4": false,
  "tor_bridges_use_meek_lite_amazon": false,
  "tor_bridges_use_meek_lite_azure": false,
  "tor_bridges_use_custom_bridges": "",
  "save_private_key": false,
  "private_key": "",
  "slug": "",
  "hidservauth_string": "",
  "autostop_timer": false,
  "autostart_timer": false,
  "use_legacy_v2_onions": false,
  "public_mode": false,
  "password": "",
  "data_dir": "/home/amnesia/Downloads",
  "csp_header_disabled": false
}
