[
["file", {"user": "root", "path": "/proc/cmdline"}],
["command", {"args": ["/usr/sbin/dmidecode", "-s", "system-manufacturer"]}],
["command", {"args": ["/usr/sbin/dmidecode", "-s", "system-product-name"]}],
["command", {"args": ["/usr/sbin/dmidecode", "-s", "system-version"]}],
["command", {"args": ["/usr/bin/lspci", "-nn"]}],
["command", {"args": ["/usr/bin/lsusb", "--verbose", "--tree"]}],
["command", {"args": ["/bin/df", "--human-readable", "--print-type"]}],
["command", {"args": ["/bin/mount", "--show-labels"]}],
["command", {"args": ["/usr/bin/du", "--total", "--summarize", "--human-readable", "/lib/live/mount/medium/*"], "shell": true}],
["command", {"args": ["/bin/ls", "-lARh", "/lib/live/mount/medium/live"]}],
["command", {"args": ["/sbin/dmsetup", "ls", "--tree", "--options=blkdevname,uuid,active,open,rw,notrunc"]}],
["command", {"args": ["/sbin/losetup", "--list", "--output=NAME,BACK-FILE,AUTOCLEAR,RO,PARTSCAN,SIZELIMIT,OFFSET"]}],
["command", {"args": ["/bin/lsmod"]}],
["file", {"user": "root", "path": "/proc/asound/cards"}],
["file", {"user": "root", "path": "/proc/asound/devices"}],
["file", {"user": "root", "path": "/proc/asound/modules"}],
["file", {"user": "root", "path": "/etc/X11/xorg.conf"}],
["file", {"user": "Debian-gdm", "path": "/var/log/gdm3/tails-greeter.errors"}],
["file", {"user": "root", "path": "/var/log/live/boot.log"}],
["file", {"user": "root", "path": "/var/log/live/config.log"}],
["file", {"user": "root", "path": "/var/lib/live/config/tails.macspoof"}],
["file", {"user": "root", "path": "/var/lib/live/config/tails.network"}],
["file", {"user": "root", "path": "/var/lib/live/config/tails.persistence"}],
["file", {"user": "root", "path": "/var/lib/live/config/tails.unsafe-browser"}],
["file", {"user": "tails-persistence-setup", "path": "/live/persistence/TailsData_unlocked/persistence.conf"}],
["file", {"user": "tails-persistence-setup", "path": "/live/persistence/TailsData_unlocked/live-additional-software.conf"}],
["directory", {"user": "root", "path": "/live/persistence/TailsData_unlocked/apt-sources.list.d"}],
["file", {"user": "root", "path": "/var/log/live-persist"}],
["file", {"user": "root", "path": "/lib/live/mount/medium/live/Tails.module"}],
["file", {"user": "root", "path": "/lib/live/mount/rootfs/filesystem.squashfs/etc/os-release"}],
["file", {"user": "root", "path": "/var/lib/tca/tca.conf"}],
["command", {"args": ["/bin/journalctl", "--catalog", "--no-pager"]}]
]
