{
    "build_target": "amd64",
    "channel": "stable",
    "installations": [
        {
            "installation-paths": [
                {
                    "target-files": [
                        {
                            "sha256": "e5bdb3529d9a26d41d7400a3dd3583837b118bdd4207e05251e4454482d86cdb",
                            "size": 1185939456,
                            "url": "http://dl.amnesia.boum.org/tails/stable/tails-amd64-4.19/tails-amd64-4.19.img"
                        }
                    ],
                    "type": "img"
                },
                {
                    "target-files": [
                        {
                            "sha256": "d61fa1d0204c99023c0d0d8a08b60ec51cbb8ab03abf2f4982c45abc50a00fe4",
                            "size": 1176215552,
                            "url": "http://dl.amnesia.boum.org/tails/stable/tails-amd64-4.19/tails-amd64-4.19.iso"
                        }
                    ],
                    "type": "iso"
                }
            ],
            "version": "4.19"
        }
    ],
    "product-name": "Tails"
}
