{
    "app-profile": {
        "addons": {
            "{91a24c60-0f27-427c-b9a6-96b71f3984a9}": {
                "dependencies": [],
                "enabled": true,
                "lastModifiedTime": 1567691623000,
                "loader": null,
                "path": "{91a24c60-0f27-427c-b9a6-96b71f3984a9}.xpi",
                "rootURI": "jar:file:///home/clearnet/.unsafe-browser/profile.default/extensions/%7B91a24c60-0f27-427c-b9a6-96b71f3984a9%7D.xpi!/",
                "runInSafeMode": false,
                "signedState": 2,
                "telemetryKey": "%7B91a24c60-0f27-427c-b9a6-96b71f3984a9%7D:2.0",
                "version": "2.0",
                "type": "theme"
            }
        },
        "staged": {},
        "path": "/home/clearnet/.unsafe-browser/profile.default/extensions"
    },
    "app-system-defaults": {
        "addons": {},
        "staged": {},
        "path": "/usr/local/lib/tor-browser/browser/features"
    },
    "app-builtin": {
        "addons": {},
        "staged": {}
    }
}